{"Running loss": 0.9034608006477356, "Acc": 9.99999993922529e-09, "_timestamp": 1697690555.0606704, "_runtime": 1211.1848773956299, "_step": 520, "Epoch_loss": 75.41116046905518}