{"Batch loss": 0.6189514994621277, "Batch accuracy": 87.34359741210938, "Batch dice_score": 0.3810485005378723, "_timestamp": 1697782743.7791462, "_runtime": 460.4495601654053, "_step": 2886, "Epoch_loss": 0.7752604077849465}