{"Running loss": 0.6709290742874146, "Acc": 0.44004231691360474, "_timestamp": 1697681676.438418, "_runtime": 1210.7649869918823, "_step": 992, "Epoch_loss": 111.99453783035278}