{"Batch loss": 0.8672400712966919, "Batch accuracy": 69.0970458984375, "Batch dice_score": 0.1327599287033081, "_timestamp": 1697782207.102169, "_runtime": 1200.9626791477203, "_step": 491, "Epoch_loss": 0.847597524887178}