{"Running loss": 0.8963155746459961, "Acc": 9.99999993922529e-09, "_timestamp": 1697769772.3715253, "_runtime": 92.29740619659424, "_step": 36}