{"Running loss": 0.6446002125740051, "Acc": 0.2052166610956192, "_timestamp": 1697681695.2952912, "_runtime": 3969.274840116501, "_step": 3279, "Epoch_loss": 110.83299452066422, "_wandb": {"runtime": 3968}}