{"Running loss": 0.633392333984375, "Acc": 9.99999993922529e-09, "_timestamp": 1697769561.5723062, "_runtime": 1004.3371031284332, "_step": 423, "Epoch_loss": 0.6965830856707038}