{"Running loss": 0.7844116687774658, "Acc": 0.39222458004951477, "_timestamp": 1697686120.4197583, "_runtime": 744.76660323143, "_step": 615, "Epoch_loss": 112.10981321334839}