{"Running loss": 0.8336836695671082, "Acc": 79.33010864257812, "_timestamp": 1697771347.62991, "_runtime": 1220.5471060276031, "_step": 513, "Epoch_loss": 0.8317880376083094}