{"Running loss": 0.8252361416816711, "Acc": 0.5292319059371948, "_timestamp": 1697688156.1182482, "_runtime": 1202.124694108963, "_step": 1011, "Epoch_loss": 126.25265842676163}