{"Running loss": 0.705675482749939, "Acc": 0.4809391498565674, "_timestamp": 1697686941.8738148, "_runtime": 497.1410298347473, "_step": 413, "Epoch_loss": 114.63443982601166}