{"Running loss": 0.666234016418457, "Acc": 0.42574360966682434, "_timestamp": 1697677614.2429843, "_runtime": 33.48333120346069, "_step": 20}