{"Batch loss": 0.6287182569503784, "Batch accuracy": 0.7327260971069336, "Batch dice_score": 0.3712817430496216, "_timestamp": 1697784366.8317738, "_runtime": 1196.03413772583, "_step": 995, "Epoch loss": 0.5926453441929963, "Epoch accuracy": 0.7414073944091797, "Epoch dice score": 0.40735465580700364}