{"Running loss": 0.7092056274414062, "Acc": 6.134968921767125e-11, "_timestamp": 1697688666.7519643, "_runtime": 312.75117230415344, "_step": 256, "Epoch_loss": 121.17908906936646}