{"Batch loss": 0.5056385397911072, "Batch accuracy": 70.49560546875, "Batch dice_score": 0.4943614602088928, "_timestamp": 1697783124.9659958, "_runtime": 310.8843936920166, "_step": 1919, "Epoch_loss": 0.6485937453272165}