{"loss": 111.26691430807114, "_timestamp": 1697676391.5933459, "_runtime": 1199.4114739894867, "_step": 5}