{"Running loss": 0.8660309314727783, "Acc": 6.134968921767125e-11, "_timestamp": 1697689330.0358815, "_runtime": 645.9735255241394, "_step": 538, "Epoch_loss": 46.77679548660914}