{"Running loss": 0.6891595125198364, "Acc": 35.239505767822266, "_timestamp": 1697677572.4864259, "_runtime": 132.60637998580933, "_step": 108}