{"Running loss": 0.7806188464164734, "Acc": [83.70199584960938, 0.774833619594574], "_timestamp": 1697677303.6978695, "_runtime": 211.00647354125977, "_step": 171, "Epoch_loss": 111.63688308000565}