{"Batch loss": 0.7401294708251953, "Batch accuracy": 0.5077590942382812, "Batch dice_score": 0.2598705291748047, "_timestamp": 1697783154.2084367, "_runtime": 18.754591703414917, "_step": 73}