{"Running loss": 0.9085370898246765, "Acc": 23.17681312561035, "_timestamp": 1697770117.3529756, "_runtime": 335.56654167175293, "_step": 136, "Epoch_loss": 0.9188932987248025}