{"Running loss": 0.7428568601608276, "Acc": 0.22846467792987823, "_timestamp": 1697686373.7764316, "_runtime": 243.47282767295837, "_step": 194, "Epoch_loss": 112.10159003734589}