{"Running loss": 0.7005338668823242, "Acc": 9.99999993922529e-09, "_timestamp": 1697768548.6602042, "_runtime": 429.74395418167114, "_step": 182, "Epoch_loss": 57.71435755491257}