{"Running loss": 0.6781829595565796, "Acc": 0.46094825863838196, "_timestamp": 1697678440.9056416, "_runtime": 860.1459884643555, "_step": 707, "Epoch_loss": 110.6973032951355}